{
  "camera": {
    "pitch": -0.35200101137161255,
    "pos": [
      2013.6573486328125,
      -2313.052001953125,
      44.00772476196289
    ],
    "yaw": -137.93280029296875
  },
  "version": 1
}